{
  "episode_rewards": [
    -41184.0,
    38769.0,
    -141975.0,
    13349.0,
    -52987.0,
    -160659.0,
    -85905.0,
    -157163.0,
    -149643.0,
    -129621.0,
    -50253.0,
    -154395.0,
    -229592.0,
    -127773.0,
    -101564.0,
    -152217.0,
    3640.0,
    -143519.0,
    -157670.0,
    -156768.0,
    -112109.0,
    -135979.0,
    -85363.0,
    -70661.0,
    -106913.0
  ],
  "episode_losses": [
    4.23800059715409,
    19.871802212397256,
    37.45665426381429,
    58.19710519536336,
    64.10206471125285,
    66.2771821492513,
    76.0862228571574,
    94.99324834187826,
    98.22475679016114,
    103.74329577636719,
    117.05057710520427,
    122.65992508951823,
    135.1356866607666,
    131.11015510559082,
    130.49279448445637,
    137.1511173095703,
    123.68475398508707,
    113.90940750376383,
    113.33849568939209,
    116.38155018615723,
    119.69045089721679,
    119.89720040893555,
    112.15140278625488,
    118.4777163772583,
    115.25776073964437
  ],
  "episode_wait_times": [
    208.4718148462647,
    242.11955802623322,
    111.59096941391931,
    189.86383360158354,
    129.51426572131567,
    129.42483047138117,
    126.59780637325653,
    110.79619971140033,
    133.61476293706323,
    99.92395533910495,
    131.04261065416082,
    116.42093391793445,
    112.40861111110993,
    121.70503042327995,
    127.75463136308186,
    106.81971296296246,
    210.34399340545068,
    116.21276957672004,
    104.7676710918717,
    110.4564000721485,
    107.81098965848992,
    120.55144943759885,
    155.348512420912,
    154.843045341695,
    144.95659611129662
  ],
  "episode_throughput": [
    26,
    22,
    8,
    30,
    22,
    8,
    17,
    2,
    8,
    13,
    23,
    7,
    0,
    11,
    8,
    5,
    33,
    9,
    11,
    5,
    9,
    8,
    20,
    15,
    13
  ],
  "epsilon_history": [
    0.05,
    0.05,
    0.05,
    0.05,
    0.05,
    0.05,
    0.05,
    0.05,
    0.05,
    0.05,
    0.05,
    0.05,
    0.05,
    0.05,
    0.05,
    0.05,
    0.05,
    0.05,
    0.05,
    0.05,
    0.05,
    0.05,
    0.05,
    0.05,
    0.05
  ],
  "static_wait_times": [
    111.58279610743284,
    100.52848371932497,
    121.53835020881914,
    124.81332252377226,
    131.16588868677738,
    102.6139339239708,
    124.05100204980153,
    106.6881103100604,
    104.92700151335589,
    117.48856710808117,
    119.51819044969153,
    118.33027527102529,
    106.04052967098245,
    111.51780369445282,
    110.34871635820649,
    127.59782505551277,
    110.44049802789738,
    103.14770261399798,
    100.03260143190118,
    98.9668814481812,
    135.6875616953849,
    128.37944386153066,
    113.21758884078912,
    114.84187665553412,
    135.92271512795537,
    119.93154193861713,
    105.8401219294322,
    103.12765116550166,
    123.45424004715342,
    136.82172211584626,
    112.02035296174402,
    116.3104727921857,
    108.34114116624103,
    110.28349544714496,
    105.41482145849777,
    135.79604019314024,
    101.7576813871314,
    104.852103577902,
    117.4441489467504,
    135.66479979834975,
    117.36444240753674,
    104.2030647953897,
    108.7269025631779,
    100.50210859619642,
    125.07902291319809,
    114.47811759536754,
    112.90678168498138,
    102.8960213083213,
    128.96659023476525,
    139.05134988344957,
    123.93835028660432,
    107.51891218848245,
    104.8005566536398,
    107.37397447552449,
    127.73290720690002,
    111.60056653627872,
    133.43745811486986,
    122.90792973727909,
    140.31825551235266,
    111.00329340381855,
    107.69795845772161,
    128.22664957647447,
    98.38889508824539,
    119.67743168775682,
    114.02495662855695,
    120.45802534529768,
    106.22981992479203,
    118.09764585116766,
    104.71140061235059,
    108.59987385947308,
    104.78496531986553,
    100.79481390091392,
    125.22661666382862,
    113.66923462093456,
    138.18547105748283,
    139.67492946127885,
    104.97061556530569,
    107.14535892060007,
    123.81629518444613,
    113.46734135124136,
    116.86756152921107,
    147.05657451927138,
    110.18507148592154,
    99.94928867243858,
    100.8452139397642,
    121.11154404380446,
    137.55686756576742,
    152.20537025427868,
    104.44053017597875,
    114.78098836147483,
    133.36080571373043,
    116.82322531308536,
    125.97584779479759,
    104.2603041606539,
    122.00674653217058,
    116.65398525630118,
    124.3807292337285,
    114.97290144381728,
    100.80516161148181,
    106.17935353720414
  ],
  "static_throughput": [
    20,
    28,
    21,
    33,
    27,
    26,
    19,
    11,
    28,
    24,
    23,
    18,
    19,
    10,
    21,
    29,
    15,
    29,
    18,
    20,
    23,
    28,
    18,
    21,
    22,
    21,
    22,
    18,
    23,
    20,
    32,
    20,
    18,
    21,
    24,
    19,
    17,
    14,
    21,
    26,
    18,
    21,
    15,
    19,
    30,
    29,
    25,
    16,
    27,
    12,
    18,
    34,
    15,
    22,
    24,
    25,
    35,
    32,
    26,
    14,
    21,
    29,
    20,
    25,
    16,
    23,
    30,
    27,
    22,
    11,
    24,
    13,
    30,
    25,
    26,
    23,
    35,
    24,
    25,
    14,
    25,
    27,
    24,
    22,
    18,
    26,
    22,
    34,
    27,
    27,
    25,
    26,
    31,
    15,
    20,
    18,
    13,
    24,
    22,
    16
  ],
  "summary": {
    "total_episodes": 25,
    "final_avg_wait": 0,
    "final_avg_throughput": 0,
    "static_avg_wait": 116.29520977600829,
    "static_avg_throughput": 22.49
  }
}